App,ROAS,Spend,Category (colour)
App 1,"765,573,589","3,000,257,812",Diversified spend
App 2,"382,378,781","3,851,997,796",Majority of spend on Google & Meta
App 3,"101,430,103","1,406,618,907",Majority of spend on Google & Meta
App 4,"505,569,358","1,623,511,426",Majority of spend on Google & Meta
App 5,"980,134,259","3,803,866,821",Diversified spend
App 6,"54,876,195","4,961,394,575",Diversified spend
App 7,"229,907,629","1,044,488,663",Majority of spend on Google & Meta
App 8,"569,776,186","3,940,657,919",Diversified spend
App 9,"595,020,921","3,275,822,504",Majority of spend on Google & Meta
App 10,"524,105,780","4,630,595,285",Diversified spend
App 11,"985,692,047","1,722,548,324",Diversified spend
App 12,"972,151,480","730,633,020",Diversified spend
App 13,"597,627,265","406,667,547",Majority of spend on Google & Meta
App 14,"531,308,549","3,773,669,570",Diversified spend
App 15,"394,545,996","108,791,271",Diversified spend
App 16,"26,405,124","2,949,725,200",Diversified spend
App 17,"821,576,870","875,332,331",Diversified spend
App 18,"163,867,729","4,878,759,348",Majority of spend on Google & Meta
App 19,"792,607,608","3,087,100,913",Diversified spend
App 20,"521,976,753","3,597,901,147",Majority of spend on Google & Meta
App 21,"370,892,795","324,507,907",Diversified spend
App 22,"514,284,937","4,490,975,445",Majority of spend on Google & Meta
App 23,"613,691,420","962,341,479",Diversified spend
App 24,"990,172,025","1,503,441,643",Majority of spend on Google & Meta
App 25,"547,690,435","1,886,471,775",Majority of spend on Google & Meta
App 26,"78,602,873","1,610,334,225",Diversified spend
App 27,"685,881,339","640,386,795",Majority of spend on Google & Meta
App 28,"272,713,526","764,855,054",Diversified spend
App 29,"596,711,130","3,000,068,956",Diversified spend
App 30,"558,671,150","1,568,678,919",Majority of spend on Google & Meta
App 31,"724,267,375","2,268,006,944",Diversified spend
App 32,"199,208,780","998,909,530",Majority of spend on Google & Meta
App 33,"658,095,878","809,934,886",Majority of spend on Google & Meta
App 34,"256,837,690","1,125,420,119",Diversified spend
App 35,"506,842,097","4,327,818,936",Majority of spend on Google & Meta
App 36,"869,055,927","1,000,893,374",Diversified spend
App 37,"241,134,819","2,729,872,917",Majority of spend on Google & Meta
App 38,"121,514,716","3,436,134,734",Majority of spend on Google & Meta
App 39,"921,537,268","4,200,143,588",Majority of spend on Google & Meta
App 40,"22,877,392","4,228,833,589",Majority of spend on Google & Meta
App 41,"796,908,464","1,198,791,481",Diversified spend
App 42,"475,783,166","2,923,778,192",Diversified spend
App 43,"450,739,831","236,925,687",Majority of spend on Google & Meta
App 44,"953,792,746","2,988,394,440",Majority of spend on Google & Meta
App 45,"931,251,755","1,593,010,510",Diversified spend
App 46,"807,624,066","3,908,768,999",Majority of spend on Google & Meta
App 47,"362,046,608","2,623,404,474",Majority of spend on Google & Meta
App 48,"325,144,665","4,557,758,149",Majority of spend on Google & Meta
App 49,"235,858,561","2,239,948,270",Diversified spend
App 50,"119,388,607","3,562,883,132",Majority of spend on Google & Meta
App 51,"532,911,965","1,198,900,995",Diversified spend
App 52,"291,243,485","4,426,355,177",Majority of spend on Google & Meta
App 53,"335,353,064","3,918,999,017",Diversified spend
App 54,"437,474,715","96,311,072",Diversified spend
App 55,"767,063,590","1,862,676,514",Diversified spend
App 56,"843,494,951","3,560,616,023",Majority of spend on Google & Meta
App 57,"995,774,973","3,451,483,804",Diversified spend
App 58,"886,521,383","2,145,254,914",Majority of spend on Google & Meta
App 59,"973,173,270","1,302,610,772",Diversified spend
App 60,"679,372,379","4,318,292,764",Majority of spend on Google & Meta
App 61,"661,302,074","2,852,951,028",Majority of spend on Google & Meta
App 62,"991,416,649","3,381,104,833",Diversified spend
App 63,"267,690,536","3,833,055,840",Majority of spend on Google & Meta
App 64,"361,058,849","1,388,943,578",Diversified spend
App 65,"130,894,794","709,616,098",Diversified spend
App 66,"548,726,552","829,429,022",Diversified spend
App 67,"741,971,607","1,705,713,001",Majority of spend on Google & Meta
App 68,"565,753,008","3,114,363,548",Diversified spend
App 69,"835,401,219","1,286,905,722",Diversified spend
App 70,"857,519,144","3,943,714,789",Diversified spend
App 71,"367,590,135","4,538,036,392",Diversified spend
App 72,"782,886,404","4,438,074,909",Diversified spend
App 73,"559,855,939","4,955,971,902",Majority of spend on Google & Meta
App 74,"918,737,388","587,010,488",Diversified spend
App 75,"7,478,361","4,943,820,183",Diversified spend
App 76,"464,486,452","1,802,938,218",Diversified spend
App 77,"901,083,663","2,996,899,721",Majority of spend on Google & Meta
App 78,"544,634,681","800,612,814",Majority of spend on Google & Meta
App 79,"514,960,092","2,703,579,653",Diversified spend
App 80,"531,287,943","950,801,339",Diversified spend
App 81,"809,973,100","4,079,910,641",Diversified spend
App 82,"340,816,571","2,710,114,578",Majority of spend on Google & Meta
App 83,"203,795,480","518,130,037",Diversified spend
App 84,"40,433,901","2,914,485,132",Diversified spend
App 85,"51,936,825","2,335,534,279",Diversified spend
App 86,"33,429,056","687,006,982",Diversified spend
App 87,"653,574,819","3,981,534,310",Diversified spend
App 88,"455,195,893","3,648,898,359",Majority of spend on Google & Meta
App 89,"240,755,481","4,347,490",Majority of spend on Google & Meta
App 90,"771,900,679","3,358,925,948",Diversified spend
App 91,"211,751,064","1,046,696,424",Majority of spend on Google & Meta
App 92,"307,041,513","1,782,993,402",Majority of spend on Google & Meta
App 93,"202,885,116","1,575,349,416",Majority of spend on Google & Meta
App 94,"171,662,510","3,041,531,614",Majority of spend on Google & Meta
App 95,"680,277,675","2,629,796,049",Majority of spend on Google & Meta
App 96,"624,744,645","121,425,048",Majority of spend on Google & Meta
App 97,"211,953,878","2,939,944,527",Majority of spend on Google & Meta
App 98,"798,729,490","3,290,903,962",Diversified spend
App 99,"368,991,238","3,918,568,329",Majority of spend on Google & Meta
App 100,"60,595,553","2,431,580,357",Majority of spend on Google & Meta
App 101,"391,860,830","238,246,671",Majority of spend on Google & Meta
App 102,"109,080,894","2,867,067,015",Majority of spend on Google & Meta
App 103,"431,717,554","1,053,841,677",Diversified spend
App 104,"671,785,459","4,976,521,830",Majority of spend on Google & Meta
App 105,"525,140,276","3,099,685,638",Majority of spend on Google & Meta
App 106,"187,480,569","217,725,981",Diversified spend
App 107,"481,915,991","1,329,728,421",Majority of spend on Google & Meta
App 108,"517,249,702","1,801,180,529",Diversified spend
App 109,"7,316,752","1,977,969,641",Majority of spend on Google & Meta
App 110,"138,043,618","4,465,098,566",Majority of spend on Google & Meta
App 111,"795,124,382","915,066,618",Diversified spend
App 112,"426,071,577","275,318,812",Diversified spend
App 113,"874,036,611","3,334,225,506",Diversified spend
App 114,"503,533,297","2,722,639,040",Majority of spend on Google & Meta
App 115,"632,345,313","1,100,671,458",Majority of spend on Google & Meta
App 116,"624,844,835","2,578,366,917",Majority of spend on Google & Meta
App 117,"765,779,920","320,821,418",Diversified spend
App 118,"380,520,014","4,935,926,683",Majority of spend on Google & Meta
App 119,"315,787,817","3,138,348,710",Majority of spend on Google & Meta
App 120,"298,255,563","4,450,745,737",Diversified spend
App 121,"553,022,159","3,273,623,213",Diversified spend
App 122,"134,107,309","2,279,526,267",Diversified spend
App 123,"450,880,572","4,961,908,412",Majority of spend on Google & Meta
App 124,"669,867,126","1,073,485,887",Majority of spend on Google & Meta
App 125,"761,619,141","4,259,790,480",Diversified spend
App 126,"294,437,114","2,931,822,402",Diversified spend
App 127,"521,584,800","4,202,369,554",Diversified spend
App 128,"577,684,786","1,322,753,234",Diversified spend
App 129,"310,581,174","2,991,857,642",Diversified spend
App 130,"718,239,471","4,536,915,530",Diversified spend
App 131,"998,730,426","643,334,841",Diversified spend
App 132,"415,728,387","1,842,762,250",Diversified spend
App 133,"376,056,704","2,789,489,383",Majority of spend on Google & Meta
App 134,"343,414,450","1,367,816,321",Diversified spend
App 135,"227,973,236","3,227,895,495",Diversified spend
App 136,"239,667,999","2,308,794,982",Diversified spend
App 137,"127,917,307","4,824,352,655",Majority of spend on Google & Meta
App 138,"178,032,910","2,946,511,018",Diversified spend
App 139,"310,013,999","4,650,110,946",Diversified spend
App 140,"881,832,652","3,180,228,021",Diversified spend
App 141,"442,415,062","341,264,132",Majority of spend on Google & Meta
App 142,"592,790,740","4,541,188,999",Diversified spend
App 143,"446,338,388","3,501,797,088",Majority of spend on Google & Meta
App 144,"670,422,525","4,116,509,935",Diversified spend
App 145,"300,370,543","3,018,321,373",Diversified spend
App 146,"354,554,631","2,335,323,838",Diversified spend
App 147,"507,548,211","1,406,551,460",Majority of spend on Google & Meta
App 148,"692,398,343","2,327,946,705",Diversified spend
App 149,"300,134,791","3,453,574,692",Diversified spend
App 150,"846,843,242","873,699,134",Majority of spend on Google & Meta
App 151,"974,985,144","307,430,655",Majority of spend on Google & Meta
App 152,"255,235,399","2,992,270,067",Diversified spend
App 153,"279,411,289","1,988,747,259",Diversified spend
App 154,"884,750,688","1,177,771,644",Diversified spend
App 155,"908,006,164","4,830,290,709",Diversified spend
App 156,"692,644,642","1,389,170,782",Majority of spend on Google & Meta
App 157,"280,597,756","2,131,644,337",Diversified spend
App 158,"541,474,421","4,262,772,868",Diversified spend
App 159,"216,900,323","3,255,711,027",Diversified spend
App 160,"772,859,863","4,539,793,808",Diversified spend
App 161,"825,845,607","2,158,301,822",Majority of spend on Google & Meta
App 162,"89,840,840","240,442,740",Diversified spend
App 163,"996,982,322","2,709,508,778",Diversified spend
App 164,"674,440,650","4,337,591,177",Majority of spend on Google & Meta
App 165,"589,720,194","1,073,712,935",Majority of spend on Google & Meta
App 166,"339,533,997","2,333,758,982",Majority of spend on Google & Meta
App 167,"108,070,823","4,650,200,223",Majority of spend on Google & Meta
App 168,"914,600,238","2,367,891,351",Majority of spend on Google & Meta
App 169,"786,595,392","2,677,604,908",Majority of spend on Google & Meta
App 170,"544,802,891","452,482,397",Diversified spend
App 171,"71,533,933","4,525,003,989",Diversified spend
App 172,"851,576,165","1,168,618,658",Diversified spend
App 173,"639,855,700","1,775,556,068",Diversified spend
App 174,"164,263,777","2,887,490,779",Majority of spend on Google & Meta
App 175,"853,086,097","4,143,455,984",Diversified spend
App 176,"952,613,502","3,271,956,026",Majority of spend on Google & Meta
App 177,"809,483,857","4,095,439,735",Majority of spend on Google & Meta
App 178,"145,742,695","3,599,296,357",Majority of spend on Google & Meta
App 179,"96,718,582","4,960,607,290",Diversified spend
App 180,"737,425,136","2,009,210,583",Majority of spend on Google & Meta
App 181,"781,802,094","4,757,122,313",Majority of spend on Google & Meta
App 182,"657,056,424","491,233,574",Diversified spend
App 183,"750,518,291","3,423,591,872",Diversified spend
App 184,"925,476,790","1,694,972,503",Diversified spend
App 185,"429,136,289","1,734,788,462",Diversified spend
App 186,"726,969,947","2,599,056,490",Majority of spend on Google & Meta
App 187,"183,108,618","216,795,144",Majority of spend on Google & Meta
App 188,"207,109,409","3,613,959,605",Majority of spend on Google & Meta
App 189,"916,177,964","3,426,085,027",Majority of spend on Google & Meta
App 190,"391,903,177","1,956,315,589",Diversified spend
App 191,"482,985,901","3,204,535,631",Majority of spend on Google & Meta
App 192,"61,602,050","3,954,455,319",Diversified spend
App 193,"504,417,172","3,043,890,508",Majority of spend on Google & Meta
App 194,"639,452,654","2,049,861,749",Majority of spend on Google & Meta
App 195,"848,346,640","3,497,108,634",Diversified spend
App 196,"454,806,900","4,407,881,267",Diversified spend
App 197,"726,396,929","3,242,171,005",Majority of spend on Google & Meta
App 198,"599,794,705","1,690,113,157",Majority of spend on Google & Meta
App 199,"333,331,309","3,735,252,186",Diversified spend
App 200,"177,218,784","463,240,892",Diversified spend
App 201,"288,829,003","2,647,783,070",Majority of spend on Google & Meta
App 202,"125,968,099","1,891,518,772",Majority of spend on Google & Meta
App 203,"946,399,249","1,734,793,432",Diversified spend
App 204,"508,894,303","1,699,612,057",Majority of spend on Google & Meta
App 205,"954,254,172","4,247,110,264",Diversified spend
App 206,"615,785,037","259,101,163",Diversified spend
App 207,"264,768,389","1,723,573,466",Diversified spend
App 208,"816,709,038","1,351,970,370",Diversified spend
App 209,"926,455,685","3,350,410,751",Diversified spend
App 210,"626,423,842","3,075,601,589",Majority of spend on Google & Meta
App 211,"763,835,284","1,000,144,725",Majority of spend on Google & Meta
App 212,"746,080,089","3,837,628,700",Diversified spend
App 213,"854,478,532","4,344,623,334",Diversified spend
App 214,"354,799,865","3,365,631,105",Majority of spend on Google & Meta
App 215,"396,993,525","242,313,555",Diversified spend
App 216,"313,874,609","620,671,576",Majority of spend on Google & Meta
App 217,"800,428,788","1,009,485,408",Diversified spend
App 218,"869,719,486","4,831,064,389",Diversified spend
App 219,"876,389,063","73,572,830",Diversified spend
App 220,"618,314,809","2,105,044,665",Majority of spend on Google & Meta
App 221,"987,247,960","2,652,520,423",Diversified spend
App 222,"961,882,356","3,794,758,476",Diversified spend
App 223,"218,894,109","4,658,747,791",Majority of spend on Google & Meta
App 224,"294,564,533","898,411,657",Diversified spend
App 225,"269,731,667","1,790,532,647",Majority of spend on Google & Meta
App 226,"879,665,863","4,582,879,938",Majority of spend on Google & Meta
App 227,"475,276,745","4,424,141,213",Diversified spend
App 228,"173,443,790","1,422,729,684",Diversified spend
App 229,"194,202,904","1,769,596,394",Diversified spend
App 230,"42,628,426","4,185,578,029",Diversified spend
App 231,"712,351,470","3,467,840,161",Majority of spend on Google & Meta
App 232,"262,882,857","4,454,554,561",Majority of spend on Google & Meta
App 233,"676,726,520","3,346,807,244",Majority of spend on Google & Meta
App 234,"405,292,787","1,236,522,062",Majority of spend on Google & Meta
App 235,"683,981,320","3,754,052,412",Majority of spend on Google & Meta
App 236,"471,108,113","3,950,352,926",Majority of spend on Google & Meta
App 237,"269,955,062","2,499,416,778",Diversified spend
App 238,"328,740,735","2,755,777,154",Diversified spend
App 239,"70,232,367","4,229,443,441",Majority of spend on Google & Meta
App 240,"880,054,926","2,198,083,632",Majority of spend on Google & Meta
App 241,"528,820,535","249,387,212",Majority of spend on Google & Meta
App 242,"524,948,260","2,774,999,547",Majority of spend on Google & Meta
App 243,"326,895,973","4,001,724,377",Majority of spend on Google & Meta
App 244,"597,843,591","3,791,992,381",Diversified spend
App 245,"502,553,841","2,425,135,120",Majority of spend on Google & Meta
App 246,"596,821,924","4,588,136,515",Diversified spend
App 247,"699,614,187","4,428,601,943",Majority of spend on Google & Meta
App 248,"288,343,927","4,454,842,311",Majority of spend on Google & Meta
App 249,"966,904,500","4,903,504,132",Majority of spend on Google & Meta
App 250,"943,736,660","130,057,391",Majority of spend on Google & Meta
App 251,"247,032,622","2,134,038,654",Diversified spend
App 252,"990,797,375","2,379,516,883",Majority of spend on Google & Meta
App 253,"771,819,147","4,679,023,519",Majority of spend on Google & Meta
App 254,"91,654,913","246,122,942",Majority of spend on Google & Meta
App 255,"448,075,131","4,376,700,702",Diversified spend
App 256,"507,443,550","2,244,454,371",Majority of spend on Google & Meta
App 257,"478,829,668","823,380,438",Diversified spend
App 258,"674,732,052","3,497,535,085",Majority of spend on Google & Meta
App 259,"531,874,174","4,647,884,769",Majority of spend on Google & Meta
App 260,"245,910,885","4,852,315,821",Majority of spend on Google & Meta
App 261,"46,305,236","268,427,466",Diversified spend
App 262,"613,605,096","2,822,768,695",Diversified spend
App 263,"246,910,161","3,471,523,328",Diversified spend
App 264,"761,873,407","4,574,077,742",Majority of spend on Google & Meta
App 265,"746,127,104","1,799,527,103",Majority of spend on Google & Meta
App 266,"482,570,976","2,799,359,009",Majority of spend on Google & Meta
App 267,"999,106,021","2,107,114,868",Diversified spend
App 268,"447,109,513","3,109,715,892",Majority of spend on Google & Meta
App 269,"557,237,605","144,030,631",Diversified spend
App 270,"611,587,710","1,309,985,417",Majority of spend on Google & Meta
App 271,"805,180,357","1,162,935,556",Diversified spend
App 272,"810,480,656","1,584,182,343",Majority of spend on Google & Meta
App 273,"857,250,153","4,497,737,758",Majority of spend on Google & Meta
App 274,"286,677,725","4,266,712,173",Majority of spend on Google & Meta
App 275,"840,387,166","969,017,992",Majority of spend on Google & Meta
App 276,"199,258,555","2,799,601,752",Diversified spend
App 277,"979,410,581","2,442,698,186",Diversified spend
App 278,"930,572,938","2,877,120,874",Majority of spend on Google & Meta
App 279,"766,042,671","261,839,145",Majority of spend on Google & Meta
App 280,"136,530,589","1,631,036,269",Diversified spend
App 281,"77,114,593","2,419,113,630",Majority of spend on Google & Meta
App 282,"825,118,095","2,540,340,860",Majority of spend on Google & Meta
App 283,"90,449,456","4,507,423,274",Diversified spend
App 284,"118,523,912","4,274,157,045",Diversified spend
App 285,"64,720,706","404,235,379",Majority of spend on Google & Meta
App 286,"986,523,515","4,851,545,617",Majority of spend on Google & Meta
App 287,"199,952,842","2,646,377,375",Diversified spend
App 288,"529,999,495","1,864,884,406",Majority of spend on Google & Meta
App 289,"948,645,846","3,586,289,164",Diversified spend
App 290,"199,073,732","357,355,562",Majority of spend on Google & Meta
App 291,"28,251,269","3,381,059,419",Majority of spend on Google & Meta
App 292,"176,827,938","200,236,974",Majority of spend on Google & Meta
App 293,"322,380,172","1,819,665,848",Majority of spend on Google & Meta
App 294,"722,659,744","2,731,006,457",Diversified spend
App 295,"516,971,140","4,223,200,335",Diversified spend
App 296,"803,356,687","4,713,169,031",Diversified spend
App 297,"311,731,410","2,297,781,183",Diversified spend
App 298,"8,901,973","1,771,422,038",Majority of spend on Google & Meta
App 299,"422,464,608","2,288,484,466",Majority of spend on Google & Meta
App 300,"817,112,554","2,687,437,418",Diversified spend
App 301,"360,108,467","840,056,184",Majority of spend on Google & Meta
App 302,"972,036,642","458,566,782",Majority of spend on Google & Meta
App 303,"994,831,350","1,176,661,293",Majority of spend on Google & Meta
App 304,"982,591,063","4,401,505,364",Majority of spend on Google & Meta
App 305,"729,949,429","2,447,451,360",Majority of spend on Google & Meta
App 306,"781,740,957","3,515,496,693",Diversified spend
App 307,"365,773,871","3,891,847,086",Majority of spend on Google & Meta
App 308,"259,077,476","1,905,124,045",Diversified spend
App 309,"860,507,011","3,216,998,117",Majority of spend on Google & Meta
App 310,"534,524,299","1,072,215,591",Diversified spend
App 311,"620,252,801","206,275,956",Diversified spend
App 312,"12,838,635","227,807,330",Diversified spend
App 313,"250,389,971","3,121,700,745",Majority of spend on Google & Meta
App 314,"798,550,929","2,197,854,129",Majority of spend on Google & Meta
App 315,"942,433,004","948,974,066",Diversified spend
App 316,"850,349,058","816,052,520",Diversified spend
App 317,"759,338,970","4,682,712,073",Majority of spend on Google & Meta
App 318,"64,423,692","3,287,275,056",Diversified spend
App 319,"478,214,805","2,948,425,237",Majority of spend on Google & Meta
App 320,"412,402,083","4,191,521,508",Majority of spend on Google & Meta
App 321,"736,151,888","6,559,698",Diversified spend
App 322,"239,826,481","4,249,755,446",Diversified spend
App 323,"374,712,926","871,940,364",Majority of spend on Google & Meta
App 324,"19,676,431","4,392,505,926",Majority of spend on Google & Meta
App 325,"865,045,148","3,987,313,831",Majority of spend on Google & Meta
App 326,"483,053,611","454,154,446",Majority of spend on Google & Meta
App 327,"729,411,012","4,097,754,237",Diversified spend
App 328,"898,009,231","4,064,120,904",Majority of spend on Google & Meta
App 329,"761,869,018","119,319,172",Diversified spend
App 330,"748,943,273","3,426,875,549",Majority of spend on Google & Meta
App 331,"136,265,779","1,412,990,585",Diversified spend
App 332,"251,166,592","4,494,569,135",Diversified spend
App 333,"853,494,792","2,525,760,143",Diversified spend
App 334,"655,454,667","162,477,368",Majority of spend on Google & Meta
App 335,"723,222,854","4,667,768,409",Majority of spend on Google & Meta
App 336,"44,971,994","2,696,657,204",Diversified spend
App 337,"547,270,350","3,030,970,917",Diversified spend
App 338,"484,184,691","3,113,349,432",Diversified spend
App 339,"632,283,237","2,095,128,776",Majority of spend on Google & Meta
App 340,"767,310,301","1,575,342,075",Majority of spend on Google & Meta
App 341,"572,541,959","2,842,357,046",Majority of spend on Google & Meta
App 342,"684,643,971","1,594,343,991",Diversified spend
App 343,"752,721,283","3,765,915,237",Diversified spend
App 344,"317,817,035","1,404,719,356",Majority of spend on Google & Meta
App 345,"374,666,881","877,071,588",Diversified spend
App 346,"532,010,655","2,603,002,486",Diversified spend
App 347,"896,376,758","2,641,683,365",Majority of spend on Google & Meta
App 348,"805,579,891","3,008,463,349",Diversified spend
App 349,"188,115,202","761,455,331",Majority of spend on Google & Meta
App 350,"89,310,273","3,087,829,591",Diversified spend
App 351,"870,023,780","3,943,388,550",Diversified spend
App 352,"882,223,377","2,425,136,345",Majority of spend on Google & Meta
App 353,"525,446,823","970,755,890",Majority of spend on Google & Meta
App 354,"405,676,827","215,850,984",Majority of spend on Google & Meta
App 355,"461,683,615","3,314,640,216",Majority of spend on Google & Meta
App 356,"83,648,336","4,301,455,869",Majority of spend on Google & Meta
App 357,"399,519,927","995,979,831",Diversified spend
App 358,"202,752,011","4,943,909,595",Diversified spend
App 359,"547,365,547","2,324,989,763",Majority of spend on Google & Meta
App 360,"565,235,530","2,556,199,874",Diversified spend
App 361,"822,869,334","4,018,984,454",Majority of spend on Google & Meta
App 362,"580,102,070","2,257,935,040",Diversified spend
App 363,"777,427,431","4,476,444,381",Diversified spend
App 364,"798,011,322","2,653,020,657",Diversified spend
App 365,"574,944,032","313,223,926",Majority of spend on Google & Meta
App 366,"922,061,964","781,926,754",Majority of spend on Google & Meta
App 367,"552,541,180","1,125,480,114",Majority of spend on Google & Meta
App 368,"676,930,826","4,573,076,095",Diversified spend
App 369,"207,002,002","4,511,530,782",Diversified spend
App 370,"802,468,576","2,611,144,895",Majority of spend on Google & Meta
App 371,"800,540,922","4,858,081,639",Diversified spend
App 372,"653,610,630","2,051,448,701",Diversified spend
App 373,"952,272,488","4,525,716,347",Diversified spend
App 374,"96,175,664","4,380,385,849",Majority of spend on Google & Meta
App 375,"392,105,042","298,472,981",Diversified spend
App 376,"75,573,597","3,808,340,739",Majority of spend on Google & Meta
App 377,"293,243,434","1,190,909,616",Diversified spend
App 378,"657,283,993","605,181,980",Diversified spend
App 379,"704,061,372","3,770,210,752",Majority of spend on Google & Meta
App 380,"662,918,682","3,645,168,273",Diversified spend
App 381,"975,345,623","55,989,404",Diversified spend
App 382,"505,660,521","2,540,214,297",Diversified spend
App 383,"736,040,260","4,228,575,484",Majority of spend on Google & Meta
App 384,"58,370,289","4,177,769,694",Majority of spend on Google & Meta
App 385,"61,457,226","1,737,581,919",Majority of spend on Google & Meta
App 386,"175,830,193","4,683,395,116",Diversified spend
App 387,"16,409,132","4,807,486,455",Diversified spend
App 388,"749,148,063","360,827,194",Diversified spend
App 389,"866,196,833","3,529,246,468",Majority of spend on Google & Meta
App 390,"754,134,771","2,247,311,022",Majority of spend on Google & Meta
App 391,"577,650,360","2,925,919,611",Majority of spend on Google & Meta
App 392,"221,576,028","2,208,952,657",Majority of spend on Google & Meta
App 393,"377,225,969","2,329,190,856",Diversified spend
App 394,"208,304,895","1,024,070,603",Majority of spend on Google & Meta
App 395,"393,426,163","1,489,283,231",Majority of spend on Google & Meta
App 396,"382,342,320","1,072,108,527",Majority of spend on Google & Meta
App 397,"88,860,932","1,974,894,320",Diversified spend
App 398,"580,526,701","946,134,166",Diversified spend
App 399,"931,190,928","3,802,733,641",Diversified spend
App 400,"548,509,536","2,937,380,781",Diversified spend
App 401,"985,717,830","3,743,109,301",Majority of spend on Google & Meta
App 402,"272,490,043","490,205,026",Diversified spend
App 403,"739,150,482","1,491,993,629",Majority of spend on Google & Meta
App 404,"197,293,976","746,072,962",Majority of spend on Google & Meta
App 405,"638,262,205","4,363,338,671",Diversified spend
App 406,"741,116,218","2,281,160,459",Majority of spend on Google & Meta
App 407,"166,272,605","1,478,351,676",Diversified spend
App 408,"671,418,976","11,892,209",Majority of spend on Google & Meta
App 409,"286,151,714","2,144,625,713",Diversified spend
App 410,"338,381,453","3,364,890,581",Diversified spend
App 411,"333,454,608","3,626,942,583",Diversified spend
App 412,"498,305,860","347,857,585",Diversified spend
App 413,"900,816,858","5,517,937",Diversified spend
App 414,"254,383,336","4,193,115,088",Diversified spend
App 415,"605,851,653","812,501,294",Majority of spend on Google & Meta
App 416,"431,866,847","3,247,218,871",Diversified spend
App 417,"184,942,713","1,354,090,007",Diversified spend
App 418,"348,164,325","158,192,667",Majority of spend on Google & Meta
App 419,"552,866,275","1,175,739,325",Majority of spend on Google & Meta
App 420,"352,026,435","4,901,937,850",Diversified spend
App 421,"204,915,474","1,502,057,985",Majority of spend on Google & Meta
App 422,"286,918,851","4,724,906,366",Majority of spend on Google & Meta
App 423,"13,721,716","1,016,000,426",Diversified spend
App 424,"744,031,865","3,264,294",Diversified spend
App 425,"810,621,939","3,432,503,940",Majority of spend on Google & Meta
App 426,"953,938,558","3,154,592,851",Majority of spend on Google & Meta
App 427,"484,231,645","4,385,038,140",Diversified spend
App 428,"730,209,817","2,674,846,290",Diversified spend
App 429,"648,468,879","3,564,191,470",Diversified spend
App 430,"354,111,534","4,621,098,348",Diversified spend
App 431,"772,830,043","1,571,832,275",Majority of spend on Google & Meta
App 432,"238,513,776","4,963,177,585",Majority of spend on Google & Meta
App 433,"750,100,200","4,845,250,577",Majority of spend on Google & Meta
App 434,"692,302,460","379,660,797",Diversified spend
App 435,"952,059,110","3,500,536,707",Majority of spend on Google & Meta
App 436,"281,234,306","3,691,178,757",Diversified spend
App 437,"225,072,585","2,739,221,160",Diversified spend
App 438,"787,622,114","4,017,234,103",Diversified spend
App 439,"837,186,238","3,572,969,638",Diversified spend
App 440,"155,590,878","4,350,567,783",Diversified spend
App 441,"560,159,861","2,572,399,459",Majority of spend on Google & Meta
App 442,"799,347,259","229,132,342",Diversified spend
App 443,"436,164,737","2,618,550,987",Majority of spend on Google & Meta
App 444,"771,397,784","797,083,412",Diversified spend
App 445,"320,203,560","2,006,068,479",Majority of spend on Google & Meta
App 446,"816,022,670","3,538,958,802",Majority of spend on Google & Meta
App 447,"591,664,058","4,391,279,553",Diversified spend
App 448,"963,091,613","3,492,153,476",Majority of spend on Google & Meta
App 449,"889,933,719","2,429,577,383",Diversified spend
App 450,"121,466,644","835,808,679",Majority of spend on Google & Meta
App 451,"700,879,026","980,837,014",Diversified spend
App 452,"256,799,864","452,907,238",Majority of spend on Google & Meta
App 453,"645,128,021","398,975,662",Majority of spend on Google & Meta
App 454,"664,332,760","114,448,690",Majority of spend on Google & Meta
App 455,"170,272,572","423,510,553",Diversified spend
App 456,"532,572,839","1,643,941,716",Diversified spend
App 457,"984,602,036","2,932,211,327",Diversified spend
App 458,"906,274,807","3,247,449,497",Majority of spend on Google & Meta
App 459,"642,720,813","2,141,090,779",Diversified spend
App 460,"19,957,570","1,620,698,582",Majority of spend on Google & Meta
App 461,"396,771,641","519,883,361",Majority of spend on Google & Meta
App 462,"111,575,219","773,531,185",Majority of spend on Google & Meta
App 463,"939,569,720","2,660,121,164",Diversified spend
App 464,"664,886,042","3,589,281,662",Majority of spend on Google & Meta
App 465,"665,206,020","4,432,581,585",Majority of spend on Google & Meta
App 466,"102,959,314","1,634,686,525",Diversified spend
App 467,"808,814,150","1,487,204,890",Diversified spend
App 468,"620,254,739","499,552,805",Diversified spend
App 469,"897,042,483","2,060,456,093",Majority of spend on Google & Meta
App 470,"28,929,547","4,268,495,613",Diversified spend
App 471,"450,732,909","2,497,983,029",Diversified spend
App 472,"28,287,781","2,615,321,803",Majority of spend on Google & Meta
App 473,"704,967,686","2,897,368,973",Majority of spend on Google & Meta
App 474,"890,603,041","4,790,805,982",Diversified spend
App 475,"304,706,067","973,438,036",Diversified spend
App 476,"252,190,863","4,344,853,543",Diversified spend
App 477,"147,674,046","3,761,446,888",Majority of spend on Google & Meta
App 478,"659,720,866","1,191,533,358",Majority of spend on Google & Meta
App 479,"499,633,518","641,065,630",Majority of spend on Google & Meta
App 480,"63,276,518","3,256,750,334",Diversified spend
App 481,"582,012,320","3,936,390,494",Majority of spend on Google & Meta
App 482,"960,538,002","628,309,360",Majority of spend on Google & Meta
App 483,"282,519,674","1,202,481,875",Majority of spend on Google & Meta
App 484,"923,368,473","4,142,343,849",Diversified spend
App 485,"656,113,507","117,519,400",Majority of spend on Google & Meta
App 486,"354,235,139","980,582,565",Diversified spend
App 487,"444,856,457","3,825,086,724",Diversified spend
App 488,"610,346,372","2,840,584,603",Diversified spend
App 489,"929,983,874","1,280,211,199",Majority of spend on Google & Meta
App 490,"813,100,345","3,237,325,522",Majority of spend on Google & Meta
App 491,"82,228,445","4,590,962,819",Majority of spend on Google & Meta
App 492,"883,508,101","1,766,197,769",Diversified spend
App 493,"189,553,516","838,442,644",Majority of spend on Google & Meta
App 494,"669,877,216","2,759,081,703",Majority of spend on Google & Meta
App 495,"396,757,246","364,320,641",Majority of spend on Google & Meta
App 496,"770,632,401","1,945,328,305",Majority of spend on Google & Meta
App 497,"134,297,578","4,906,487,548",Majority of spend on Google & Meta
App 498,"982,883,525","4,271,365,242",Majority of spend on Google & Meta
App 499,"698,870,657","2,901,320,277",Diversified spend
App 500,"720,454,853","248,622,153",Majority of spend on Google & Meta
App 501,"746,278,775","3,537,691,621",Diversified spend
App 502,"181,818,316","3,455,304,841",Majority of spend on Google & Meta
App 503,"384,171,032","1,983,212,765",Diversified spend
App 504,"743,743,973","2,324,572,631",Diversified spend
App 505,"989,380,802","4,672,474,372",Majority of spend on Google & Meta
App 506,"943,019,824","2,406,411,283",Diversified spend
App 507,"11,842,777","4,580,606,805",Majority of spend on Google & Meta
App 508,"413,873,232","337,359,136",Diversified spend
App 509,"57,292,520","1,799,326,063",Majority of spend on Google & Meta
App 510,"553,377,152","617,984,090",Diversified spend
App 511,"273,485,094","960,565,469",Diversified spend
App 512,"775,015,115","3,137,471,935",Diversified spend
App 513,"437,298,441","4,455,326,024",Majority of spend on Google & Meta
App 514,"715,456,939","4,566,604,353",Diversified spend
App 515,"108,580,551","4,487,548,253",Diversified spend
App 516,"985,252,044","1,772,069,672",Diversified spend
App 517,"108,567,521","2,139,508,926",Diversified spend
App 518,"464,422,872","1,193,838,855",Diversified spend
App 519,"405,314,010","2,228,806,666",Majority of spend on Google & Meta
App 520,"803,366,781","2,836,567,685",Majority of spend on Google & Meta
App 521,"270,345,743","1,186,985,883",Majority of spend on Google & Meta
App 522,"970,207,225","4,806,651,962",Majority of spend on Google & Meta
App 523,"74,478,877","3,302,701,871",Diversified spend
App 524,"89,060,278","2,145,559,209",Majority of spend on Google & Meta
App 525,"324,171,379","3,347,127,079",Diversified spend
App 526,"930,508,747","727,405,291",Majority of spend on Google & Meta
App 527,"856,593,160","3,642,558,834",Majority of spend on Google & Meta
App 528,"506,300,884","3,174,452,629",Majority of spend on Google & Meta
App 529,"743,496,240","3,279,584,366",Diversified spend
App 530,"902,318,003","1,001,110,416",Diversified spend
App 531,"236,317,901","3,145,187,906",Majority of spend on Google & Meta
App 532,"520,584,079","2,753,918,714",Majority of spend on Google & Meta
App 533,"489,004,757","2,893,266,786",Diversified spend
App 534,"371,649,208","3,056,651,825",Diversified spend
App 535,"454,676,949","431,034,702",Diversified spend
App 536,"591,302,981","2,445,504,371",Diversified spend
App 537,"958,967,758","2,978,622,004",Diversified spend
App 538,"491,863,240","2,095,889,508",Diversified spend
App 539,"695,070,712","1,415,905,726",Diversified spend
App 540,"800,617,646","358,664,870",Majority of spend on Google & Meta
App 541,"715,501,786","4,190,139,639",Majority of spend on Google & Meta
App 542,"930,152,295","3,736,539,232",Majority of spend on Google & Meta
App 543,"649,722,526","3,351,869,286",Diversified spend
App 544,"383,241,997","976,369,066",Majority of spend on Google & Meta
App 545,"201,111,888","2,220,177,379",Majority of spend on Google & Meta
App 546,"375,575,249","1,092,318,176",Majority of spend on Google & Meta
App 547,"381,150,672","3,403,872,875",Diversified spend
App 548,"585,651,336","1,915,568,541",Majority of spend on Google & Meta
App 549,"994,764,225","4,152,839,531",Diversified spend
App 550,"718,219,334","2,667,570,806",Diversified spend
App 551,"62,562,074","3,867,455,110",Diversified spend
App 552,"394,590,931","1,197,107,060",Majority of spend on Google & Meta
App 553,"304,372,612","2,522,820,356",Majority of spend on Google & Meta
App 554,"706,891,047","4,863,742,360",Majority of spend on Google & Meta
App 555,"392,888,951","1,235,748,310",Diversified spend
App 556,"132,365,775","3,543,721,993",Diversified spend
App 557,"390,743,944","3,489,817,829",Diversified spend
App 558,"441,794,488","444,917,334",Majority of spend on Google & Meta
App 559,"19,430,491","3,438,250,647",Majority of spend on Google & Meta
App 560,"863,642,050","2,062,680,879",Diversified spend
App 561,"707,667,422","6,227,457",Diversified spend
App 562,"166,631,001","2,632,332,224",Majority of spend on Google & Meta
App 563,"833,651,299","3,705,697,537",Majority of spend on Google & Meta
App 564,"95,145,510","2,904,786,045",Diversified spend
App 565,"312,106,455","2,377,922,747",Diversified spend
App 566,"887,570,084","1,180,139,044",Diversified spend
App 567,"502,028,571","2,964,359,704",Majority of spend on Google & Meta
App 568,"497,975,472","3,280,786,406",Diversified spend
App 569,"11,843,789","2,862,104,692",Diversified spend
App 570,"982,090,753","178,026,414",Majority of spend on Google & Meta
App 571,"671,676,893","4,026,239,474",Diversified spend
App 572,"336,027,219","196,557,853",Diversified spend
App 573,"170,084,970","696,279,436",Majority of spend on Google & Meta
App 574,"714,330,711","1,528,435,490",Diversified spend
App 575,"389,187,352","4,778,937,459",Diversified spend
App 576,"725,981,160","4,273,845,221",Majority of spend on Google & Meta
App 577,"600,327,398","2,078,480,987",Majority of spend on Google & Meta
App 578,"1,748,871","1,543,778,619",Majority of spend on Google & Meta
App 579,"920,836,952","3,814,160,055",Majority of spend on Google & Meta
App 580,"375,610,876","1,579,509,950",Diversified spend
App 581,"953,281,110","3,672,387,228",Diversified spend
App 582,"18,068,642","4,646,721,227",Majority of spend on Google & Meta
App 583,"60,976,308","1,226,525,626",Diversified spend
App 584,"154,722,578","2,718,128,351",Majority of spend on Google & Meta
App 585,"752,990,117","2,475,901,900",Diversified spend
App 586,"276,340,127","1,840,851,384",Majority of spend on Google & Meta
App 587,"2,556,656","4,695,790,054",Majority of spend on Google & Meta
App 588,"596,191,975","375,667,897",Diversified spend
App 589,"620,555,135","1,450,073,488",Diversified spend
App 590,"337,659,978","80,194,763",Diversified spend
App 591,"242,485,921","3,961,256,497",Diversified spend
App 592,"748,622,582","913,098,173",Majority of spend on Google & Meta
App 593,"653,263,363","413,843,684",Diversified spend
App 594,"358,020,790","3,207,388,895",Majority of spend on Google & Meta
App 595,"565,716,107","4,855,980,851",Diversified spend
App 596,"469,029,537","3,318,106,374",Majority of spend on Google & Meta
App 597,"91,694,404","1,844,474,446",Diversified spend
App 598,"757,005,553","3,830,607,894",Majority of spend on Google & Meta
App 599,"120,269,092","3,906,088,039",Diversified spend
App 600,"73,250,850","4,380,440,442",Majority of spend on Google & Meta
App 601,"167,370,474","1,266,070,561",Diversified spend
App 602,"583,536,385","1,793,130,576",Diversified spend
App 603,"370,009,947","2,089,682,422",Majority of spend on Google & Meta
App 604,"794,616,127","3,061,184,150",Diversified spend
App 605,"626,894,018","105,987,022",Diversified spend
App 606,"846,954,068","3,388,333,926",Majority of spend on Google & Meta
App 607,"338,751,492","2,159,270,478",Majority of spend on Google & Meta
App 608,"337,794,133","3,826,269,652",Majority of spend on Google & Meta
App 609,"813,403,810","3,336,803,240",Majority of spend on Google & Meta
App 610,"392,504,226","470,245,280",Diversified spend
App 611,"294,260,159","3,705,358,219",Diversified spend
App 612,"682,979,018","1,832,238,814",Diversified spend
App 613,"558,732,008","333,271,920",Majority of spend on Google & Meta
App 614,"423,747,266","1,551,364,017",Majority of spend on Google & Meta
App 615,"251,942,832","3,404,706,291",Majority of spend on Google & Meta
App 616,"113,206,400","85,487,792",Majority of spend on Google & Meta
App 617,"170,984,741","4,896,487,611",Majority of spend on Google & Meta
App 618,"69,589,398","2,542,768,321",Majority of spend on Google & Meta
App 619,"184,478,418","2,527,552,920",Majority of spend on Google & Meta
App 620,"479,580,259","736,216,644",Diversified spend
App 621,"384,471,945","4,924,746,549",Diversified spend
App 622,"315,281,689","5,002,908",Diversified spend
App 623,"519,877,508","2,028,311,953",Diversified spend
App 624,"369,657,994","3,141,139,606",Majority of spend on Google & Meta
App 625,"532,253,215","3,031,112,364",Majority of spend on Google & Meta
App 626,"112,670,578","1,626,901,385",Diversified spend
App 627,"38,166,186","2,758,505,909",Diversified spend
App 628,"630,430,386","1,155,946,756",Majority of spend on Google & Meta
App 629,"184,481,686","3,812,957,084",Majority of spend on Google & Meta
App 630,"610,257,599","686,830,373",Majority of spend on Google & Meta
App 631,"786,910,176","4,692,058,460",Majority of spend on Google & Meta
App 632,"878,633,139","3,970,690,224",Diversified spend
App 633,"313,873,995","129,041,161",Majority of spend on Google & Meta
App 634,"775,769,768","3,014,712,859",Majority of spend on Google & Meta
App 635,"587,442,392","4,680,244,639",Diversified spend
App 636,"553,722,761","3,974,373,984",Majority of spend on Google & Meta
App 637,"117,020,144","2,579,390,599",Majority of spend on Google & Meta
App 638,"862,699,488","4,630,040,368",Diversified spend
App 639,"566,990,980","4,693,083,201",Diversified spend
App 640,"626,904,610","3,576,873,129",Majority of spend on Google & Meta
App 641,"287,060,412","4,171,651,251",Diversified spend
App 642,"545,601,538","4,969,873,592",Diversified spend
App 643,"289,237,223","1,732,588,431",Majority of spend on Google & Meta
App 644,"959,939,279","367,953,238",Majority of spend on Google & Meta
App 645,"758,529,674","1,845,379,075",Diversified spend
App 646,"196,574,364","2,814,387,391",Diversified spend
App 647,"448,869,314","2,876,372,768",Majority of spend on Google & Meta
App 648,"27,312,408","2,311,749,423",Majority of spend on Google & Meta
App 649,"468,555,761","4,023,948,989",Majority of spend on Google & Meta
App 650,"149,838,246","2,981,148,972",Majority of spend on Google & Meta
App 651,"329,829,702","2,292,318,922",Majority of spend on Google & Meta
App 652,"152,587,882","2,476,566,371",Diversified spend
App 653,"443,220,260","1,874,145,361",Majority of spend on Google & Meta
App 654,"831,556,958","2,475,920,012",Diversified spend
App 655,"893,866,534","1,381,803,039",Majority of spend on Google & Meta
App 656,"132,458,779","2,593,470,825",Majority of spend on Google & Meta
App 657,"353,773,720","4,274,293,372",Majority of spend on Google & Meta
App 658,"724,596,256","2,026,752,405",Diversified spend
App 659,"639,842,139","4,174,387,061",Diversified spend
App 660,"675,240,762","2,765,034,640",Diversified spend
App 661,"832,821,649","946,308,310",Diversified spend
App 662,"474,331,385","1,068,764,653",Diversified spend
App 663,"566,185,432","2,478,013,593",Majority of spend on Google & Meta
App 664,"556,033,748","125,428,065",Diversified spend
App 665,"203,511,256","1,276,055,203",Majority of spend on Google & Meta
App 666,"83,099,691","2,478,719,061",Majority of spend on Google & Meta
App 667,"55,256,338","809,789,645",Diversified spend
App 668,"497,986,011","4,018,070,426",Diversified spend
App 669,"104,133,343","822,982,890",Majority of spend on Google & Meta
App 670,"684,133,658","4,918,004,731",Diversified spend
App 671,"82,687,971","3,127,403,038",Diversified spend
App 672,"559,694,650","4,481,054,105",Majority of spend on Google & Meta
App 673,"716,920,251","1,796,634,967",Diversified spend
App 674,"550,176,110","4,944,449,733",Majority of spend on Google & Meta
App 675,"180,789,232","654,799,262",Majority of spend on Google & Meta
App 676,"779,046,096","2,497,105,035",Diversified spend
App 677,"306,749,376","253,487,951",Majority of spend on Google & Meta
App 678,"575,741,579","1,956,877,117",Diversified spend
App 679,"764,798,749","504,419,566",Diversified spend
App 680,"743,939,946","2,687,703,384",Majority of spend on Google & Meta
App 681,"304,722,441","4,578,985,852",Diversified spend
App 682,"671,880,180","4,240,508,244",Diversified spend
App 683,"979,579,839","4,795,158,160",Diversified spend
App 684,"549,227,770","4,246,503,117",Majority of spend on Google & Meta
App 685,"945,477,688","3,026,975,954",Majority of spend on Google & Meta
App 686,"501,064,633","3,763,087,728",Diversified spend
App 687,"330,282,053","325,503,043",Diversified spend
App 688,"327,757,022","2,305,053,047",Diversified spend
App 689,"646,052,184","3,107,142,113",Majority of spend on Google & Meta
App 690,"318,777,713","4,774,618,255",Majority of spend on Google & Meta
App 691,"882,322,411","1,634,537,839",Diversified spend
App 692,"21,121,037","1,458,070,879",Diversified spend
App 693,"316,589,500","155,218,516",Diversified spend
App 694,"154,848,481","2,131,429,530",Diversified spend
App 695,"435,234,317","2,529,672,382",Majority of spend on Google & Meta
App 696,"565,924,754","4,592,420,775",Diversified spend
App 697,"530,672,805","4,423,242,913",Majority of spend on Google & Meta
App 698,"828,549,925","1,145,991,308",Diversified spend
App 699,"163,959,765","1,560,239,361",Diversified spend
App 700,"589,112,638","517,067,117",Majority of spend on Google & Meta
App 701,"975,769,321","1,094,785,612",Majority of spend on Google & Meta
App 702,"531,153,380","4,939,104,755",Diversified spend
App 703,"504,505,893","4,157,358,420",Majority of spend on Google & Meta
App 704,"184,796,466","1,695,337,666",Majority of spend on Google & Meta
App 705,"320,952,979","1,863,141,111",Diversified spend
App 706,"696,575,991","4,067,890,940",Majority of spend on Google & Meta
App 707,"643,634,762","2,040,125,168",Diversified spend
App 708,"388,208,759","4,806,408,589",Majority of spend on Google & Meta
App 709,"913,605,898","2,516,810,170",Majority of spend on Google & Meta
App 710,"201,931,032","1,040,824,622",Diversified spend
App 711,"320,177,242","2,574,023,551",Diversified spend
App 712,"451,152,507","1,886,623,140",Majority of spend on Google & Meta
App 713,"729,628,241","5,542,146",Majority of spend on Google & Meta
App 714,"285,001,825","4,943,767,426",Diversified spend
App 715,"788,672,361","4,414,877,498",Diversified spend
App 716,"14,492,971","1,626,870,286",Majority of spend on Google & Meta
App 717,"452,557,311","3,023,790,221",Majority of spend on Google & Meta
App 718,"346,431,617","4,745,725,024",Majority of spend on Google & Meta
App 719,"866,196,138","2,924,479,682",Majority of spend on Google & Meta
App 720,"744,688,031","236,702,196",Diversified spend
App 721,"807,025,373","3,967,513,009",Majority of spend on Google & Meta
App 722,"402,381,233","2,433,682,591",Diversified spend
App 723,"811,957,336","1,206,242,178",Majority of spend on Google & Meta
App 724,"353,376,960","614,744,968",Diversified spend
App 725,"677,492,020","4,023,780,928",Diversified spend
App 726,"626,801,030","4,572,490,826",Majority of spend on Google & Meta
App 727,"878,713,312","1,655,491,132",Majority of spend on Google & Meta
App 728,"823,518,181","2,254,674,482",Majority of spend on Google & Meta
App 729,"184,159,970","1,936,154,284",Diversified spend
App 730,"522,604,794","1,018,084,638",Diversified spend
App 731,"704,577,668","4,200,191,646",Majority of spend on Google & Meta
App 732,"530,441,879","3,689,993,970",Majority of spend on Google & Meta
App 733,"636,632,281","4,895,537,423",Majority of spend on Google & Meta
App 734,"516,978,208","1,296,264,046",Majority of spend on Google & Meta
App 735,"483,368,120","3,311,208,646",Majority of spend on Google & Meta
App 736,"960,247,867","849,715,144",Diversified spend
App 737,"719,073,620","4,856,571,210",Diversified spend
App 738,"75,971,449","855,303,648",Diversified spend
App 739,"245,417,480","3,645,978,337",Majority of spend on Google & Meta
App 740,"977,621,620","2,191,919,241",Diversified spend
App 741,"364,516,523","842,089,879",Majority of spend on Google & Meta
App 742,"640,395,524","32,843,455",Majority of spend on Google & Meta
App 743,"481,530,025","1,196,257,256",Majority of spend on Google & Meta
App 744,"5,249,472","4,718,444,382",Diversified spend
App 745,"630,618,700","3,555,135,329",Diversified spend
App 746,"645,770,202","4,841,293,298",Majority of spend on Google & Meta
App 747,"951,498,929","532,382,978",Diversified spend
App 748,"509,763,630","3,825,241,966",Majority of spend on Google & Meta
App 749,"795,861,478","2,981,992,170",Diversified spend
App 750,"866,198,206","2,282,147,315",Diversified spend
App 751,"235,127,717","1,890,511,709",Diversified spend
App 752,"97,292,434","563,335,057",Majority of spend on Google & Meta
App 753,"274,254,551","1,970,729,580",Diversified spend
App 754,"233,284,116","4,253,715,119",Diversified spend
App 755,"711,005,730","4,473,972,545",Majority of spend on Google & Meta
App 756,"466,793,697","1,678,491,777",Diversified spend
App 757,"438,538,823","3,046,984,973",Majority of spend on Google & Meta
App 758,"78,369,314","4,717,434,106",Majority of spend on Google & Meta
App 759,"643,094,171","4,072,323,914",Diversified spend
App 760,"650,152,716","2,274,495,889",Majority of spend on Google & Meta
App 761,"253,765,678","2,822,727,059",Majority of spend on Google & Meta
App 762,"150,852,087","1,512,151,276",Diversified spend
App 763,"161,278,417","4,999,924,809",Majority of spend on Google & Meta
App 764,"286,443,874","2,165,830,098",Majority of spend on Google & Meta
App 765,"734,838,025","4,825,174,052",Diversified spend
App 766,"677,681,217","3,853,167,980",Diversified spend
App 767,"272,333,952","671,137,055",Majority of spend on Google & Meta
App 768,"179,556,315","1,101,551,991",Diversified spend
App 769,"101,346,693","3,282,593,349",Majority of spend on Google & Meta
App 770,"551,128,253","12,879,053",Majority of spend on Google & Meta
App 771,"960,358,547","3,015,825,747",Majority of spend on Google & Meta
App 772,"954,413,482","4,738,842,834",Majority of spend on Google & Meta
App 773,"181,502,720","3,561,950,585",Diversified spend
App 774,"103,075,257","1,807,765,375",Diversified spend
App 775,"944,401,348","3,540,843,941",Diversified spend
App 776,"351,633,980","3,358,726,801",Diversified spend
App 777,"733,755,980","3,543,081,486",Diversified spend
App 778,"330,034,556","4,445,631,400",Diversified spend
App 779,"301,898,209","244,405,462",Diversified spend
App 780,"414,411,907","1,387,201,104",Diversified spend
App 781,"581,287,468","1,433,040,341",Diversified spend
App 782,"140,440,259","2,464,176,114",Majority of spend on Google & Meta
App 783,"15,733,912","4,195,084,104",Majority of spend on Google & Meta
App 784,"906,094,161","1,510,371,062",Majority of spend on Google & Meta
App 785,"858,980,663","49,082,786",Majority of spend on Google & Meta
App 786,"739,007,165","4,718,279,002",Majority of spend on Google & Meta
App 787,"142,964,029","3,567,301,305",Diversified spend
App 788,"930,495,061","764,723,869",Majority of spend on Google & Meta
App 789,"547,181,293","1,260,082,142",Diversified spend
App 790,"582,662,206","4,614,316,593",Majority of spend on Google & Meta
App 791,"638,793,336","4,592,793,520",Majority of spend on Google & Meta
App 792,"112,010,961","902,573,934",Diversified spend
App 793,"41,729,600","3,699,977,293",Diversified spend
App 794,"541,554,145","4,835,140,792",Diversified spend
App 795,"548,077,614","2,536,326,769",Diversified spend
App 796,"140,890,918","3,676,212,772",Majority of spend on Google & Meta
App 797,"590,515,847","3,585,156,194",Diversified spend
App 798,"235,084,522","2,615,889,806",Diversified spend
App 799,"812,854,061","4,872,954,138",Diversified spend
App 800,"494,520,393","496,331,666",Diversified spend
App 801,"890,363,552","333,642,869",Majority of spend on Google & Meta
App 802,"639,972,460","4,048,940,408",Diversified spend
App 803,"172,916,621","3,523,260,790",Diversified spend
App 804,"966,856,628","1,251,953,717",Diversified spend
App 805,"549,893,258","2,822,623,951",Majority of spend on Google & Meta
App 806,"233,423,495","1,530,466,036",Diversified spend
App 807,"505,028,359","3,487,685,963",Majority of spend on Google & Meta
App 808,"149,329,001","2,010,391,729",Majority of spend on Google & Meta
App 809,"757,188,839","1,369,760,918",Majority of spend on Google & Meta
App 810,"692,949,469","1,700,546,982",Majority of spend on Google & Meta
App 811,"762,300,732","2,304,563,018",Diversified spend
App 812,"33,741,310","2,064,061,982",Majority of spend on Google & Meta
App 813,"895,440,365","2,924,579,255",Diversified spend
App 814,"400,012,201","81,021,859",Majority of spend on Google & Meta
App 815,"638,741,499","4,501,015,504",Diversified spend
App 816,"252,660,149","226,422,618",Majority of spend on Google & Meta
App 817,"620,728,882","2,142,219,624",Majority of spend on Google & Meta
App 818,"128,315,675","2,577,859,185",Diversified spend
App 819,"279,697,256","58,183,162",Diversified spend
App 820,"712,970,690","1,908,867,210",Majority of spend on Google & Meta
App 821,"541,243,342","4,557,776,275",Diversified spend
App 822,"324,126,464","1,338,505,419",Majority of spend on Google & Meta
App 823,"295,221,648","2,985,298,305",Diversified spend
App 824,"918,589,524","40,229,533",Diversified spend
App 825,"825,867,525","1,504,331,013",Diversified spend
App 826,"956,607,674","551,289,681",Diversified spend
App 827,"119,958,100","765,080,007",Majority of spend on Google & Meta
App 828,"908,508,698","3,200,895,680",Diversified spend
App 829,"481,477,926","1,737,019,081",Diversified spend
App 830,"116,864,138","4,897,788,652",Diversified spend
App 831,"990,326,690","1,593,201,640",Diversified spend
App 832,"207,825,684","1,153,118,815",Diversified spend
App 833,"561,194,877","4,799,225,436",Diversified spend
App 834,"464,471,281","4,812,062,684",Diversified spend
App 835,"401,748,044","3,357,411,935",Diversified spend
App 836,"468,663,301","1,967,323,102",Majority of spend on Google & Meta
App 837,"452,050,519","2,913,083,087",Majority of spend on Google & Meta
App 838,"132,825,992","4,296,917,558",Majority of spend on Google & Meta
App 839,"693,677,048","3,041,772,585",Diversified spend
App 840,"283,812,512","1,633,745,510",Majority of spend on Google & Meta
App 841,"394,274,194","4,650,541,599",Diversified spend
App 842,"616,237,885","4,325,422,789",Diversified spend
App 843,"771,386,648","3,386,378,449",Majority of spend on Google & Meta
App 844,"328,067,594","3,679,281,105",Majority of spend on Google & Meta
App 845,"847,068,270","1,563,528,942",Diversified spend
App 846,"848,674,512","3,405,620,573",Diversified spend
App 847,"949,984,368","4,131,042,371",Majority of spend on Google & Meta
App 848,"496,121,197","476,755,475",Majority of spend on Google & Meta
App 849,"40,608,747","4,344,334,071",Diversified spend
App 850,"288,421,010","822,963,265",Diversified spend
App 851,"405,203,130","254,766,417",Diversified spend
App 852,"39,239,572","3,283,228,145",Diversified spend
App 853,"636,547,263","1,735,896,184",Diversified spend
App 854,"589,124,293","1,172,397,582",Majority of spend on Google & Meta
App 855,"930,727,164","1,601,709,854",Diversified spend
App 856,"10,409,018","4,531,819,575",Diversified spend
App 857,"52,341,212","3,917,150,966",Diversified spend
App 858,"370,124,684","3,990,569,058",Diversified spend
App 859,"56,192,387","1,605,353,634",Majority of spend on Google & Meta
App 860,"55,532,537","4,281,311,721",Majority of spend on Google & Meta
App 861,"641,021,934","4,663,377,140",Diversified spend
App 862,"594,848,785","4,691,745,243",Majority of spend on Google & Meta
App 863,"396,522,642","4,550,139,968",Diversified spend
App 864,"773,917,364","1,347,074,379",Diversified spend
App 865,"743,573,750","1,783,127,584",Majority of spend on Google & Meta
App 866,"992,909,082","4,911,470,233",Diversified spend
App 867,"888,208,635","1,789,422,445",Diversified spend
App 868,"2,977,181","709,833,559",Diversified spend
App 869,"706,414,810","1,809,381,004",Diversified spend
App 870,"113,679,928","795,798,413",Majority of spend on Google & Meta
App 871,"960,075,874","4,133,821,023",Majority of spend on Google & Meta
App 872,"64,930,369","2,189,819,685",Diversified spend
App 873,"378,529,098","2,731,367,802",Majority of spend on Google & Meta
App 874,"414,517,774","2,825,344,813",Diversified spend
App 875,"56,605,056","1,708,002,923",Majority of spend on Google & Meta
App 876,"902,228,035","858,131,118",Majority of spend on Google & Meta
App 877,"487,009,285","4,949,815,971",Diversified spend
App 878,"87,939,611","4,368,203,766",Diversified spend
App 879,"865,266,328","2,210,202,602",Diversified spend
App 880,"542,242,962","130,866,655",Diversified spend
App 881,"860,732,313","2,907,867,668",Diversified spend
App 882,"24,117,346","4,254,415,468",Majority of spend on Google & Meta
App 883,"811,692,466","2,909,338,849",Majority of spend on Google & Meta
App 884,"311,777,363","3,183,245,139",Diversified spend
App 885,"672,162,424","1,035,330,034",Diversified spend
App 886,"576,754,183","4,291,818,840",Majority of spend on Google & Meta
App 887,"797,278,383","3,782,597,068",Majority of spend on Google & Meta
App 888,"312,376,426","1,691,812,843",Diversified spend
App 889,"880,882,844","2,669,755,366",Diversified spend
App 890,"503,115,473","403,585,957",Diversified spend
App 891,"291,586,811","2,799,997,885",Majority of spend on Google & Meta
App 892,"18,399,620","214,536,017",Diversified spend
App 893,"14,050,490","4,445,201,100",Diversified spend
App 894,"278,223,966","4,376,032,227",Majority of spend on Google & Meta
App 895,"832,945,418","431,563,511",Diversified spend
App 896,"55,621,196","2,019,196,813",Majority of spend on Google & Meta
App 897,"568,162,454","1,820,826,696",Diversified spend
App 898,"505,236,224","2,978,098,034",Majority of spend on Google & Meta
App 899,"626,936,762","2,818,530,026",Majority of spend on Google & Meta
App 900,"604,141,234","2,264,882,992",Majority of spend on Google & Meta
App 901,"691,417,389","4,829,559,301",Diversified spend
App 902,"333,469,930","3,500,704,625",Majority of spend on Google & Meta
App 903,"325,360,555","2,785,494,377",Majority of spend on Google & Meta
App 904,"810,946,200","3,022,335,685",Majority of spend on Google & Meta
App 905,"539,261,181","2,855,569,497",Diversified spend
App 906,"712,683,797","3,101,971,181",Majority of spend on Google & Meta
App 907,"979,609,086","1,509,899,674",Diversified spend
App 908,"556,111,571","828,390,484",Diversified spend
App 909,"626,853,408","1,034,438,374",Majority of spend on Google & Meta
App 910,"669,771,573","2,497,442,600",Majority of spend on Google & Meta
App 911,"829,919,586","2,761,769,231",Majority of spend on Google & Meta
App 912,"20,817,161","824,186,591",Majority of spend on Google & Meta
App 913,"773,918,925","3,410,373,314",Majority of spend on Google & Meta
App 914,"861,707,513","1,489,354,019",Diversified spend
App 915,"435,515,418","1,929,537,173",Diversified spend
App 916,"160,158,405","1,950,233,626",Diversified spend
App 917,"922,301,530","1,139,188,201",Diversified spend
App 918,"405,031,466","421,603,804",Diversified spend
App 919,"673,022,690","3,242,622,739",Majority of spend on Google & Meta
App 920,"474,058,510","3,053,419,734",Diversified spend
App 921,"255,546,278","1,099,194,983",Diversified spend
App 922,"952,391,491","501,233,190",Majority of spend on Google & Meta
App 923,"779,942,925","2,012,151,500",Diversified spend
App 924,"509,771,816","1,492,501,412",Majority of spend on Google & Meta
App 925,"305,680,378","4,043,949,464",Majority of spend on Google & Meta
App 926,"683,749,662","3,990,563,096",Majority of spend on Google & Meta
App 927,"824,700,440","3,685,393,794",Diversified spend
App 928,"753,568,566","2,608,945,649",Majority of spend on Google & Meta
App 929,"42,218,840","928,384,000",Diversified spend
App 930,"455,545,842","123,408,042",Majority of spend on Google & Meta
App 931,"583,761,122","775,158,462",Diversified spend
App 932,"884,102,906","1,610,187,744",Diversified spend
App 933,"848,789,764","3,670,538,930",Diversified spend
App 934,"594,466,242","1,830,676,574",Majority of spend on Google & Meta
App 935,"735,386,135","918,686,667",Diversified spend
App 936,"977,252,325","283,186,764",Majority of spend on Google & Meta
App 937,"163,707,950","3,099,492,350",Diversified spend
App 938,"634,689,816","331,001,648",Majority of spend on Google & Meta
App 939,"27,909,747","2,717,605,505",Majority of spend on Google & Meta
App 940,"590,817,549","3,359,631,710",Majority of spend on Google & Meta
App 941,"826,422,794","1,791,673,998",Majority of spend on Google & Meta
App 942,"656,162,527","1,472,271,780",Majority of spend on Google & Meta
App 943,"135,712,828","3,239,022,098",Majority of spend on Google & Meta
App 944,"132,676,371","126,513,061",Diversified spend
App 945,"44,380,805","1,162,635,729",Majority of spend on Google & Meta
App 946,"79,078,031","281,215,120",Diversified spend
App 947,"645,651,334","4,165,030,218",Majority of spend on Google & Meta
App 948,"886,143,204","804,409,396",Majority of spend on Google & Meta
App 949,"768,666,865","2,544,444,609",Majority of spend on Google & Meta
App 950,"231,288,948","4,109,777,218",Majority of spend on Google & Meta
App 951,"509,580,965","244,827,964",Majority of spend on Google & Meta
App 952,"262,141,210","3,067,639,645",Majority of spend on Google & Meta
App 953,"876,561,123","1,498,462,240",Majority of spend on Google & Meta
App 954,"533,701,932","4,508,845,139",Majority of spend on Google & Meta
App 955,"764,386,495","971,353,937",Majority of spend on Google & Meta
App 956,"776,629,830","3,567,308,605",Diversified spend
App 957,"715,789,324","4,652,922,948",Diversified spend
App 958,"750,379,969","2,743,656,065",Diversified spend
App 959,"352,739,298","1,422,132,531",Majority of spend on Google & Meta
App 960,"976,651,347","3,612,226,093",Diversified spend
App 961,"798,818,853","4,605,150,854",Majority of spend on Google & Meta
App 962,"37,633,935","221,906,724",Majority of spend on Google & Meta
App 963,"677,703,072","2,037,707,589",Majority of spend on Google & Meta
App 964,"835,593,368","4,640,062,866",Diversified spend
App 965,"641,922,856","900,533,175",Majority of spend on Google & Meta
App 966,"513,102,687","400,257,358",Majority of spend on Google & Meta
App 967,"570,925,398","356,027,695",Diversified spend
App 968,"16,575,038","975,794,411",Majority of spend on Google & Meta
App 969,"48,355,695","3,277,333,042",Diversified spend
App 970,"770,247,584","2,831,791,775",Diversified spend
App 971,"114,140,613","1,893,053,161",Majority of spend on Google & Meta
App 972,"681,519,403","870,216,087",Diversified spend
App 973,"438,169,530","923,648,138",Diversified spend
App 974,"29,586,810","4,549,627,861",Majority of spend on Google & Meta
App 975,"936,030,723","4,355,410,278",Diversified spend
App 976,"190,438,240","2,693,760,342",Diversified spend
App 977,"209,892,841","1,778,172,309",Diversified spend
App 978,"367,774,401","970,909,082",Majority of spend on Google & Meta
App 979,"787,552,966","1,363,585,839",Majority of spend on Google & Meta
App 980,"575,593,255","2,953,473,261",Diversified spend
App 981,"515,629,176","4,976,742,491",Diversified spend
App 982,"802,619,472","1,062,929,271",Majority of spend on Google & Meta
App 983,"75,697,005","4,848,783,199",Diversified spend
App 984,"636,895,538","2,134,406,913",Diversified spend
App 985,"144,555,105","4,651,651,156",Diversified spend
App 986,"191,672,527","720,715,207",Majority of spend on Google & Meta
App 987,"177,981,201","428,445,771",Diversified spend
App 988,"823,700,051","1,388,859,475",Diversified spend
App 989,"988,865,935","4,441,409,760",Diversified spend
App 990,"824,082,872","1,388,914,311",Diversified spend
App 991,"257,449,303","3,099,248,753",Diversified spend
App 992,"422,085,759","451,039,344",Majority of spend on Google & Meta
App 993,"625,978,886","1,258,958,672",Diversified spend
App 994,"727,296,176","1,770,778,067",Diversified spend
App 995,"961,214,266","12,461,516",Majority of spend on Google & Meta
App 996,"544,673,931","759,576,699",Diversified spend
App 997,"284,449,829","3,180,741,429",Majority of spend on Google & Meta
App 998,"349,657,693","232,477,770",Majority of spend on Google & Meta
App 999,"41,781,963","2,347,720,842",Diversified spend
App 1000,"802,624,073","4,037,051,830",Majority of spend on Google & Meta